{"isShowingConnections":true,"isShowingInspector":true,"isShowingInspectorMotion":false,"isShowingLayerList":true,"isShowingSmartGuides":true,"isShowingTopBar":true,"lastProjectPageId":"e55c6d09-f2cc-492e-9110-1ee8e875a513","pageZoomMemory":{"e55c6d09-f2cc-492e-9110-1ee8e875a513":{"zoom":0.13804574186067106,"scrollX":-15793.945035712875,"scrollY":-3564.426060279079}},"projectPanelWidth":228,"scrollX":-15793.945035712875,"scrollY":-3564.426060279079,"selectedPageId":"e55c6d09-f2cc-492e-9110-1ee8e875a513","timelineDockPosition":"BOTTOM","timelinePanelDimensions":{"height":246,"width":768},"zoom":0.13804574186067106,"shouldZoomInOnSelection":false}