{"settings":{"selectedPageId":"e55c6d09-f2cc-492e-9110-1ee8e875a513","lastPublished":null,"preview-appearance":{"id":"shadow","name":"Shadow","style":{"boxShadow":"0 16px 60px -20px rgba(10,10,10,0.6)"}},"preview-background":{"hex":"#FFFFFF","rgb":{"a":1,"b":255,"g":255,"r":255}},"preview-current-device":{"category":"other","categoryDefault":true,"color":"","device":"Auto","dimensions":{"screen":{"height":600,"width":1200},"skin":{"height":0,"width":0}},"displayName":"Auto","filename":"","height":600,"id":"artboard","manufacturer":"","name":"Auto","scale":1,"screenHeight":600,"screenOffset":{"left":0,"top":0},"screenWidth":1200,"shouldRotate":false,"width":1200},"preview-rotated":false,"preview-scaling":{"id":"fit","name":"Fit"},"preview-viewport-height":1174,"preview-viewport-width":1920,"preview-window-height":1212,"preview-window-width":1920,"preview-zoom":"fit","lastGestureTab":"mobile","lastUsedInteraction":{"delay":0,"duration":200,"gesture":"tap","key":{"value":"▶"},"timer":{"duration":200},"type":"motion","maintainScrollPosition":true},"isAutoLinkingDisabled":true,"lastFreehand":{"e55c6d09-f2cc-492e-9110-1ee8e875a513":{"freehandId":"UzN6jAH4g","freehandUrl":"https://projects.invisionapp.com/freehand/document/UzN6jAH4g","artboardMetadata":{"0511f153-a513-4097-9fd7-568767a7036b":{"freehandImageId":"cjp9mz9s80ev60128nn0vzz1e.png","hash":"8827d1c66b3a8efe0ce063d1f4f31b0a8002e8e9"},"3a56c6b2-46c9-41e0-ae1f-8759cd70e8c5":{"freehandImageId":"cjp9mz9s80ev20128t57p8cnh.png","hash":"cbb0c89bb369e8c62a19e706a267c5f61ad67b96"},"442649cd-4f22-45b0-b561-e5f9608dab9e":{"freehandImageId":"cjp9mz9s80ev80128dabxsqlj.png","hash":"99b7e6039d031c02061595a3299a0e011135e65b"},"490234fc-c63c-44bd-91f6-263c2d2b083b":{"freehandImageId":"cjp9mz9s80evi0128lqyvnz81.png","hash":"9febda8385317cecadc2a653b9eed29962e0ec26"},"5b9140ac-80f8-4f62-979d-85c32271cdc7":{"freehandImageId":"cjp9mz9s80evk0128eorrwnn4.png","hash":"0540f2393aed26d56b63a04931360069e1818a73"},"71217e23-3747-428e-bb06-fc5532643294":{"freehandImageId":"cjp9mz9s80eve0128ub58s62c.png","hash":"b4e198797565d97c3aab78f7c9e2f1af8b30efed"},"7550a0fb-1bf7-4242-bc3b-c6d5f6f38a7b":{"freehandImageId":"cjp9mz9s80evg0128m84desmo.png","hash":"69181a61c17cd4bfce55dc23127c747dfa5d5ce5"},"820566ea-a82e-4d9d-bc44-23af3aece3b2":{"freehandImageId":"cjp9mz9s80evm0128w5krdf2l.png","hash":"3ee074f4cdacb69a72238d170b28116bbffb3873"},"9a9937b7-5c38-48bc-a7df-43f71238b30f":{"freehandImageId":"cjp9mz9s80ev401289vyuhov0.png","hash":"4567ad88789f7e6aaa2c0a2cda13f4ed8b115fe2"},"9eedbe0b-3cc3-469c-b1aa-c2bbcdc0dc96":{"freehandImageId":"cjp9mz9s80evs0128urasg8bi.png","hash":"3ee26b7ff2e33916746d037bfd7e1c4d4aa97150"},"bc4176d2-8231-486d-9721-555df941740b":{"freehandImageId":"cjp9mz9s80ew00128j2c9y5tx.png","hash":"0904c4ebfc127eacc1e66d7f992430ae2aac9a6d"},"bd224d03-596b-4873-b19c-459b04e06ccd":{"freehandImageId":"cjp9mz9s80evc0128k1ekq8o4.png","hash":"e0af8054fd5ef7715393208a3c5f5c1f663d50a7"},"bdda2168-dba2-4d1f-8798-a1a121591c8f":{"freehandImageId":"cjp9mz9s80evy0128soh0czi3.png","hash":"509144833079015e265ce4c325ba863fd0e416f3"},"cb8e6772-8ecd-4b0a-977b-31a0f5c92bc5":{"freehandImageId":"cjp9mz9s80evq0128fuq8cb1a.png","hash":"b087a9c4f740fe46f7a7257443870c2185f114a8"},"ceb796b6-4924-4d57-92c5-47ebbb5d3d26":{"freehandImageId":"cjp9mz9s80eva0128armxwjal.png","hash":"4a96351c1ca2fa14f22ea415efcfee35c92355a8"},"da983683-b2cf-42ec-8808-1bf89a7f2c2f":{"freehandImageId":"cjp9mz9s80ev00128i5a08l4n.png","hash":"1f4a2832b751e87d4a5d00cdb1687f06c7382362"},"e31a134d-f0d6-4719-8a1d-da4a1eded28e":{"freehandImageId":"cjp9mz9s80evw01288rsx1uz0.png","hash":"5e170a1b9e372fb6564369b318792be07a79d866"},"f4dc4362-746c-4a30-bcb0-3a435302f5be":{"freehandImageId":"cjp9mz9s80evu0128e1a1u340.png","hash":"6f9411ad4e2cfea3f4bd4e873c38050781407254"},"fe641ae8-361a-483c-a8af-d3e4c8052bf3":{"freehandImageId":"cjp9mz9s80evo012871uphqxa.png","hash":"167afb2f1e048e9a2b7267f9c207c7ca4af9484f"}}}}},"swatches":[]}